month,segment,product_line_id,cac,ltv_12m,payback_months,gross_margin_pct,take_rate_effective,new_customers
2023-01-01,SMB,1,3452,19535,2.1,0.3,0.075,31
2023-01-01,SMB,2,2764,18545,1.8,0.52,0.092,31
2023-01-01,SMB,3,3316,19682,2.0,0.48,0.088,28
2023-01-01,SMB,4,3442,17684,2.3,0.34,0.07,32
2023-01-01,SMB,5,3058,17631,2.1,0.31,0.072,26
2023-01-01,SMB,6,3382,18520,2.2,0.15,0.045,45
2023-01-01,SMB,7,3306,15942,2.5,0.13,0.042,46
2023-01-01,SMB,8,3014,17215,2.1,0.28,0.068,38
2023-01-01,SMB,9,3431,18414,2.2,0.5,0.09,30
2023-01-01,Mid,1,11392,47563,2.9,0.3,0.075,19
2023-01-01,Mid,2,10482,51621,2.4,0.52,0.092,22
2023-01-01,Mid,3,11020,53477,2.5,0.48,0.088,15
2023-01-01,Mid,4,11287,51488,2.6,0.34,0.07,3
2023-01-01,Mid,5,10350,57642,2.2,0.31,0.072,14
2023-01-01,Mid,6,11536,52003,2.7,0.15,0.045,9
2023-01-01,Mid,7,11515,45502,3.0,0.13,0.042,9
2023-01-01,Mid,8,11294,55545,2.4,0.28,0.068,16
2023-01-01,Mid,9,12118,57739,2.5,0.5,0.09,16
2023-01-01,Large,1,41759,282662,1.8,0.3,0.075,1
2023-01-01,Large,2,42356,266264,1.9,0.52,0.092,3
2023-01-01,Large,3,42264,274769,1.8,0.48,0.088,0
2023-01-01,Large,4,44408,325549,1.6,0.34,0.07,0
2023-01-01,Large,5,39847,288114,1.7,0.31,0.072,1
2023-01-01,Large,6,43498,264041,2.0,0.15,0.045,0
2023-01-01,Large,7,41548,297958,1.7,0.13,0.042,0
2023-01-01,Large,8,40446,278315,1.7,0.28,0.068,5
2023-01-01,Large,9,46500,336180,1.7,0.5,0.09,6
2023-02-01,SMB,1,3578,19090,2.2,0.299,0.07397,22
2023-02-01,SMB,2,3289,18234,2.2,0.517,0.09074,31
2023-02-01,SMB,3,3615,18927,2.3,0.477,0.08679,31
2023-02-01,SMB,4,3314,16662,2.4,0.339,0.06904,31
2023-02-01,SMB,5,3169,16647,2.3,0.309,0.07101,32
2023-02-01,SMB,6,3787,19951,2.3,0.149,0.04438,46
2023-02-01,SMB,7,3274,19233,2.0,0.129,0.04142,44
2023-02-01,SMB,8,3184,16027,2.4,0.279,0.06707,22
2023-02-01,SMB,9,3086,15225,2.4,0.497,0.08877,30
2023-02-01,Mid,1,11995,47051,3.1,0.299,0.07397,9
2023-02-01,Mid,2,12209,47344,3.1,0.517,0.09074,9
2023-02-01,Mid,3,10133,54942,2.2,0.477,0.08679,8
2023-02-01,Mid,4,12272,48095,3.1,0.339,0.06904,17
2023-02-01,Mid,5,10999,53045,2.5,0.309,0.07101,6
2023-02-01,Mid,6,10953,53788,2.4,0.149,0.04438,17
2023-02-01,Mid,7,10619,49148,2.6,0.129,0.04142,26
2023-02-01,Mid,8,11790,38036,3.7,0.279,0.06707,8
2023-02-01,Mid,9,10525,55622,2.3,0.497,0.08877,11
2023-02-01,Large,1,35395,262919,1.6,0.299,0.07397,0
2023-02-01,Large,2,39626,260126,1.8,0.517,0.09074,0
2023-02-01,Large,3,39544,261168,1.8,0.477,0.08679,0
2023-02-01,Large,4,46053,294761,1.9,0.339,0.06904,1
2023-02-01,Large,5,42227,247780,2.0,0.309,0.07101,4
2023-02-01,Large,6,41237,279445,1.8,0.149,0.04438,8
2023-02-01,Large,7,43433,292037,1.8,0.129,0.04142,3
2023-02-01,Large,8,41904,280656,1.8,0.279,0.06707,0
2023-02-01,Large,9,45141,276133,2.0,0.497,0.08877,0
2023-03-01,SMB,1,3465,15864,2.6,0.298,0.07294,27
2023-03-01,SMB,2,3287,16657,2.4,0.513,0.08948,29
2023-03-01,SMB,3,3385,17586,2.3,0.473,0.08559,37
2023-03-01,SMB,4,3625,14161,3.1,0.338,0.06808,37
2023-03-01,SMB,5,3121,19266,1.9,0.308,0.07003,37
2023-03-01,SMB,6,3778,16770,2.7,0.148,0.04377,37
2023-03-01,SMB,7,3641,16694,2.6,0.128,0.04085,44
2023-03-01,SMB,8,3326,17531,2.3,0.278,0.06613,28
2023-03-01,SMB,9,3801,16605,2.7,0.493,0.08753,19
2023-03-01,Mid,1,12247,52763,2.8,0.298,0.07294,15
2023-03-01,Mid,2,11106,42872,3.1,0.513,0.08948,11
2023-03-01,Mid,3,11527,52596,2.6,0.473,0.08559,19
2023-03-01,Mid,4,11979,51713,2.8,0.338,0.06808,16
2023-03-01,Mid,5,11428,52659,2.6,0.308,0.07003,13
2023-03-01,Mid,6,12107,46925,3.1,0.148,0.04377,21
2023-03-01,Mid,7,10976,53593,2.5,0.128,0.04085,12
2023-03-01,Mid,8,11589,54954,2.5,0.278,0.06613,17
2023-03-01,Mid,9,11210,53931,2.5,0.493,0.08753,3
2023-03-01,Large,1,47806,300650,1.9,0.298,0.07294,7
2023-03-01,Large,2,47921,260942,2.2,0.513,0.08948,0
2023-03-01,Large,3,42006,261509,1.9,0.473,0.08559,3
2023-03-01,Large,4,46807,259007,2.2,0.338,0.06808,5
2023-03-01,Large,5,44033,301637,1.8,0.308,0.07003,0
2023-03-01,Large,6,46556,261581,2.1,0.148,0.04377,6
2023-03-01,Large,7,43448,251404,2.1,0.128,0.04085,1
2023-03-01,Large,8,42883,289580,1.8,0.278,0.06613,0
2023-03-01,Large,9,38589,263302,1.8,0.493,0.08753,5
2023-04-01,SMB,1,3904,15363,3.0,0.297,0.07191,18
2023-04-01,SMB,2,3448,16459,2.5,0.51,0.08821,38
2023-04-01,SMB,3,3564,18072,2.4,0.47,0.08438,29
2023-04-01,SMB,4,3609,17423,2.5,0.337,0.06712,27
2023-04-01,SMB,5,3586,16223,2.7,0.307,0.06904,28
2023-04-01,SMB,6,3411,16394,2.5,0.147,0.04315,46
2023-04-01,SMB,7,4023,18652,2.6,0.127,0.04027,44
2023-04-01,SMB,8,4065,17038,2.9,0.277,0.0652,29
2023-04-01,SMB,9,3705,17044,2.6,0.49,0.0863,27
2023-04-01,Mid,1,12690,55369,2.8,0.297,0.07191,13
2023-04-01,Mid,2,11561,49514,2.8,0.51,0.08821,9
2023-04-01,Mid,3,11036,46105,2.9,0.47,0.08438,10
2023-04-01,Mid,4,11264,51426,2.6,0.337,0.06712,4
2023-04-01,Mid,5,11287,47296,2.9,0.307,0.06904,17
2023-04-01,Mid,6,11785,46256,3.1,0.147,0.04315,12
2023-04-01,Mid,7,10225,47566,2.6,0.127,0.04027,14
2023-04-01,Mid,8,11779,46607,3.0,0.277,0.0652,6
2023-04-01,Mid,9,11378,48644,2.8,0.49,0.0863,14
2023-04-01,Large,1,47303,266169,2.1,0.297,0.07191,3
2023-04-01,Large,2,42983,271779,1.9,0.51,0.08821,0
2023-04-01,Large,3,39673,264139,1.8,0.47,0.08438,2
2023-04-01,Large,4,48214,296816,1.9,0.337,0.06712,0
2023-04-01,Large,5,41906,284557,1.8,0.307,0.06904,0
2023-04-01,Large,6,38688,261469,1.8,0.147,0.04315,0
2023-04-01,Large,7,43015,254898,2.0,0.127,0.04027,1
2023-04-01,Large,8,41734,306446,1.6,0.277,0.0652,6
2023-04-01,Large,9,40462,277010,1.8,0.49,0.0863,1
2023-05-01,SMB,1,3713,15082,3.0,0.295,0.07089,34
2023-05-01,SMB,2,3926,16317,2.9,0.506,0.08695,22
2023-05-01,SMB,3,3904,14884,3.1,0.466,0.08317,28
2023-05-01,SMB,4,3582,16426,2.6,0.335,0.06616,24
2023-05-01,SMB,5,3937,16493,2.9,0.305,0.06805,42
2023-05-01,SMB,6,3758,16387,2.8,0.145,0.04253,39
2023-05-01,SMB,7,4062,15274,3.2,0.125,0.0397,41
2023-05-01,SMB,8,3642,17015,2.6,0.275,0.06427,33
2023-05-01,SMB,9,3376,15316,2.6,0.486,0.08506,24
2023-05-01,Mid,1,12316,50211,2.9,0.295,0.07089,10
2023-05-01,Mid,2,13045,43384,3.6,0.506,0.08695,11
2023-05-01,Mid,3,12355,51851,2.9,0.466,0.08317,9
2023-05-01,Mid,4,12061,44294,3.3,0.335,0.06616,11
2023-05-01,Mid,5,12240,53723,2.7,0.305,0.06805,19
2023-05-01,Mid,6,11193,46567,2.9,0.145,0.04253,7
2023-05-01,Mid,7,11715,57452,2.4,0.125,0.0397,13
2023-05-01,Mid,8,10995,56476,2.3,0.275,0.06427,13
2023-05-01,Mid,9,11702,50974,2.8,0.486,0.08506,7
2023-05-01,Large,1,45152,272737,2.0,0.295,0.07089,4
2023-05-01,Large,2,45642,252645,2.2,0.506,0.08695,4
2023-05-01,Large,3,44058,242680,2.2,0.466,0.08317,7
2023-05-01,Large,4,46225,253268,2.2,0.335,0.06616,8
2023-05-01,Large,5,42253,279447,1.8,0.305,0.06805,6
2023-05-01,Large,6,43649,261470,2.0,0.145,0.04253,2
2023-05-01,Large,7,46475,275572,2.0,0.125,0.0397,7
2023-05-01,Large,8,47120,258601,2.2,0.275,0.06427,7
2023-05-01,Large,9,42789,254580,2.0,0.486,0.08506,5
2023-06-01,SMB,1,4035,16738,2.9,0.294,0.06986,29
2023-06-01,SMB,2,3946,13814,3.4,0.503,0.08569,32
2023-06-01,SMB,3,4195,14756,3.4,0.463,0.08197,32
2023-06-01,SMB,4,4102,15906,3.1,0.334,0.0652,29
2023-06-01,SMB,5,3744,15658,2.9,0.304,0.06706,27
2023-06-01,SMB,6,4295,14340,3.6,0.144,0.04191,43
2023-06-01,SMB,7,3875,15148,3.1,0.124,0.03912,51
2023-06-01,SMB,8,4306,15021,3.4,0.274,0.06334,29
2023-06-01,SMB,9,3867,14512,3.2,0.483,0.08383,32
2023-06-01,Mid,1,11864,47405,3.0,0.294,0.06986,10
2023-06-01,Mid,2,11610,42491,3.3,0.503,0.08569,14
2023-06-01,Mid,3,12167,39725,3.7,0.463,0.08197,4
2023-06-01,Mid,4,12402,52061,2.9,0.334,0.0652,5
2023-06-01,Mid,5,12790,52527,2.9,0.304,0.06706,4
2023-06-01,Mid,6,12084,44108,3.3,0.144,0.04191,16
2023-06-01,Mid,7,13259,52963,3.0,0.124,0.03912,18
2023-06-01,Mid,8,11909,54321,2.6,0.274,0.06334,3
2023-06-01,Mid,9,11923,46980,3.0,0.483,0.08383,11
2023-06-01,Large,1,42388,256929,2.0,0.294,0.06986,5
2023-06-01,Large,2,44293,264776,2.0,0.503,0.08569,7
2023-06-01,Large,3,47678,242825,2.4,0.463,0.08197,10
2023-06-01,Large,4,42034,247131,2.0,0.334,0.0652,7
2023-06-01,Large,5,45159,284101,1.9,0.304,0.06706,6
2023-06-01,Large,6,45747,252622,2.2,0.144,0.04191,0
2023-06-01,Large,7,48479,269841,2.2,0.124,0.03912,3
2023-06-01,Large,8,46139,251135,2.2,0.274,0.06334,9
2023-06-01,Large,9,43553,263272,2.0,0.483,0.08383,0
2023-07-01,SMB,1,4234,16103,3.2,0.293,0.06883,22
2023-07-01,SMB,2,4397,17518,3.0,0.499,0.08443,28
2023-07-01,SMB,3,4033,14236,3.4,0.459,0.08076,25
2023-07-01,SMB,4,4055,14828,3.3,0.333,0.06424,34
2023-07-01,SMB,5,4156,14803,3.4,0.303,0.06608,37
2023-07-01,SMB,6,4236,14856,3.4,0.143,0.0413,42
2023-07-01,SMB,7,3915,14423,3.3,0.123,0.03854,46
2023-07-01,SMB,8,4047,16118,3.0,0.273,0.0624,37
2023-07-01,SMB,9,3552,15981,2.7,0.479,0.08259,29
2023-07-01,Mid,1,12650,46883,3.2,0.293,0.06883,13
2023-07-01,Mid,2,12236,48700,3.0,0.499,0.08443,12
2023-07-01,Mid,3,12243,41692,3.5,0.459,0.08076,7
2023-07-01,Mid,4,11514,52183,2.6,0.333,0.06424,5
2023-07-01,Mid,5,11248,53022,2.5,0.303,0.06608,19
2023-07-01,Mid,6,12010,45956,3.1,0.143,0.0413,15
2023-07-01,Mid,7,11496,50345,2.7,0.123,0.03854,20
2023-07-01,Mid,8,12595,53878,2.8,0.273,0.0624,12
2023-07-01,Mid,9,13142,42150,3.7,0.479,0.08259,0
2023-07-01,Large,1,46849,239044,2.4,0.293,0.06883,2
2023-07-01,Large,2,42461,237788,2.1,0.499,0.08443,6
2023-07-01,Large,3,43333,252835,2.1,0.459,0.08076,0
2023-07-01,Large,4,48108,242797,2.4,0.333,0.06424,0
2023-07-01,Large,5,45651,270104,2.0,0.303,0.06608,5
2023-07-01,Large,6,38781,288789,1.6,0.143,0.0413,0
2023-07-01,Large,7,45158,241421,2.2,0.123,0.03854,0
2023-07-01,Large,8,42538,301066,1.7,0.273,0.0624,0
2023-07-01,Large,9,44822,243755,2.2,0.479,0.08259,1
2023-08-01,SMB,1,4384,15947,3.3,0.292,0.0678,29
2023-08-01,SMB,2,4313,13541,3.8,0.496,0.08317,43
2023-08-01,SMB,3,4122,12850,3.8,0.456,0.07955,26
2023-08-01,SMB,4,4065,15588,3.1,0.332,0.06328,27
2023-08-01,SMB,5,3675,15048,2.9,0.302,0.06509,34
2023-08-01,SMB,6,4129,14840,3.3,0.142,0.04068,49
2023-08-01,SMB,7,4244,13260,3.8,0.122,0.03797,48
2023-08-01,SMB,8,4503,14716,3.7,0.272,0.06147,36
2023-08-01,SMB,9,4532,13806,3.9,0.476,0.08136,24
2023-08-01,Mid,1,13441,45386,3.6,0.292,0.0678,7
2023-08-01,Mid,2,13351,48513,3.3,0.496,0.08317,13
2023-08-01,Mid,3,12035,47229,3.1,0.456,0.07955,14
2023-08-01,Mid,4,12955,47865,3.2,0.332,0.06328,17
2023-08-01,Mid,5,12788,49421,3.1,0.302,0.06509,10
2023-08-01,Mid,6,12153,44480,3.3,0.142,0.04068,12
2023-08-01,Mid,7,12788,38824,4.0,0.122,0.03797,22
2023-08-01,Mid,8,12057,51205,2.8,0.272,0.06147,11
2023-08-01,Mid,9,12945,47905,3.2,0.476,0.08136,9
2023-08-01,Large,1,45597,282956,1.9,0.292,0.0678,1
2023-08-01,Large,2,51052,248672,2.5,0.496,0.08317,9
2023-08-01,Large,3,47657,287334,2.0,0.456,0.07955,9
2023-08-01,Large,4,48560,248642,2.3,0.332,0.06328,1
2023-08-01,Large,5,43263,241612,2.1,0.302,0.06509,2
2023-08-01,Large,6,44400,282460,1.9,0.142,0.04068,4
2023-08-01,Large,7,46485,254986,2.2,0.122,0.03797,2
2023-08-01,Large,8,46032,256806,2.2,0.272,0.06147,7
2023-08-01,Large,9,50438,263201,2.3,0.476,0.08136,1
2023-09-01,SMB,1,4029,15069,3.2,0.291,0.06677,30
2023-09-01,SMB,2,4094,13594,3.6,0.493,0.08191,28
2023-09-01,SMB,3,4108,14496,3.4,0.453,0.07835,30
2023-09-01,SMB,4,4317,15395,3.4,0.331,0.06232,30
2023-09-01,SMB,5,4205,14098,3.6,0.301,0.0641,29
2023-09-01,SMB,6,4242,13465,3.8,0.141,0.04006,48
2023-09-01,SMB,7,4781,14474,4.0,0.121,0.03739,45
2023-09-01,SMB,8,4093,12232,4.0,0.271,0.06054,34
2023-09-01,SMB,9,4543,15547,3.5,0.473,0.08013,31
2023-09-01,Mid,1,12275,53880,2.7,0.291,0.06677,10
2023-09-01,Mid,2,14145,47027,3.6,0.493,0.08191,15
2023-09-01,Mid,3,12561,48480,3.1,0.453,0.07835,8
2023-09-01,Mid,4,12217,51345,2.9,0.331,0.06232,14
2023-09-01,Mid,5,11352,43126,3.2,0.301,0.0641,15
2023-09-01,Mid,6,11360,48708,2.8,0.141,0.04006,17
2023-09-01,Mid,7,12047,38705,3.7,0.121,0.03739,10
2023-09-01,Mid,8,12778,45398,3.4,0.271,0.06054,6
2023-09-01,Mid,9,14107,48667,3.5,0.473,0.08013,9
2023-09-01,Large,1,42361,293634,1.7,0.291,0.06677,0
2023-09-01,Large,2,50607,259334,2.3,0.493,0.08191,0
2023-09-01,Large,3,43763,260078,2.0,0.453,0.07835,0
2023-09-01,Large,4,47662,319704,1.8,0.331,0.06232,0
2023-09-01,Large,5,46274,259259,2.1,0.301,0.0641,2
2023-09-01,Large,6,48688,235717,2.5,0.141,0.04006,4
2023-09-01,Large,7,46772,262328,2.1,0.121,0.03739,0
2023-09-01,Large,8,48439,248869,2.3,0.271,0.06054,4
2023-09-01,Large,9,45179,244743,2.2,0.473,0.08013,1
2023-10-01,SMB,1,4930,14092,4.2,0.29,0.06574,19
2023-10-01,SMB,2,4154,13410,3.7,0.489,0.08064,35
2023-10-01,SMB,3,4806,12200,4.7,0.449,0.07714,18
2023-10-01,SMB,4,4787,17394,3.3,0.33,0.06136,33
2023-10-01,SMB,5,4784,13210,4.3,0.3,0.06311,30
2023-10-01,SMB,6,4561,13407,4.1,0.14,0.03945,43
2023-10-01,SMB,7,4439,13758,3.9,0.12,0.03682,41
2023-10-01,SMB,8,4201,14538,3.5,0.27,0.05961,29
2023-10-01,SMB,9,4477,15503,3.5,0.469,0.07889,28
2023-10-01,Mid,1,12287,47147,3.1,0.29,0.06574,8
2023-10-01,Mid,2,12624,45180,3.4,0.489,0.08064,16
2023-10-01,Mid,3,12536,44002,3.4,0.449,0.07714,7
2023-10-01,Mid,4,13049,52511,3.0,0.33,0.06136,7
2023-10-01,Mid,5,12477,50337,3.0,0.3,0.06311,8
2023-10-01,Mid,6,14562,40532,4.3,0.14,0.03945,25
2023-10-01,Mid,7,12581,43230,3.5,0.12,0.03682,15
2023-10-01,Mid,8,13228,49320,3.2,0.27,0.05961,0
2023-10-01,Mid,9,13290,48243,3.3,0.469,0.07889,9
2023-10-01,Large,1,45820,259637,2.1,0.29,0.06574,10
2023-10-01,Large,2,45958,253613,2.2,0.489,0.08064,0
2023-10-01,Large,3,44277,229066,2.3,0.449,0.07714,0
2023-10-01,Large,4,48383,275200,2.1,0.33,0.06136,6
2023-10-01,Large,5,44901,218535,2.5,0.3,0.06311,0
2023-10-01,Large,6,44571,225160,2.4,0.14,0.03945,6
2023-10-01,Large,7,45952,234674,2.3,0.12,0.03682,7
2023-10-01,Large,8,52875,245345,2.6,0.27,0.05961,0
2023-10-01,Large,9,44046,288575,1.8,0.469,0.07889,2
2023-11-01,SMB,1,4617,15917,3.5,0.289,0.06471,41
2023-11-01,SMB,2,4438,15385,3.5,0.486,0.07938,32
2023-11-01,SMB,3,4654,12364,4.5,0.446,0.07593,24
2023-11-01,SMB,4,4878,11572,5.1,0.329,0.0604,27
2023-11-01,SMB,5,4683,15880,3.5,0.299,0.06213,35
2023-11-01,SMB,6,4975,13341,4.5,0.139,0.03883,38
2023-11-01,SMB,7,4548,14048,3.9,0.119,0.03624,43
2023-11-01,SMB,8,4844,13326,4.4,0.269,0.05867,29
2023-11-01,SMB,9,4735,13367,4.3,0.466,0.07766,27
2023-11-01,Mid,1,13111,44573,3.5,0.289,0.06471,19
2023-11-01,Mid,2,11051,42462,3.1,0.486,0.07938,6
2023-11-01,Mid,3,11809,43988,3.2,0.446,0.07593,13
2023-11-01,Mid,4,12809,49791,3.1,0.329,0.0604,12
2023-11-01,Mid,5,12400,44285,3.4,0.299,0.06213,15
2023-11-01,Mid,6,12527,45193,3.3,0.139,0.03883,21
2023-11-01,Mid,7,13711,46458,3.5,0.119,0.03624,16
2023-11-01,Mid,8,12701,48330,3.2,0.269,0.05867,17
2023-11-01,Mid,9,11505,43705,3.2,0.466,0.07766,4
2023-11-01,Large,1,46335,240950,2.3,0.289,0.06471,2
2023-11-01,Large,2,44178,240807,2.2,0.486,0.07938,1
2023-11-01,Large,3,46024,257780,2.1,0.446,0.07593,4
2023-11-01,Large,4,45512,286966,1.9,0.329,0.0604,7
2023-11-01,Large,5,47843,248532,2.3,0.299,0.06213,7
2023-11-01,Large,6,42564,244786,2.1,0.139,0.03883,1
2023-11-01,Large,7,45967,236839,2.3,0.119,0.03624,8
2023-11-01,Large,8,44288,286188,1.9,0.269,0.05867,2
2023-11-01,Large,9,48579,244945,2.4,0.466,0.07766,0
2023-12-01,SMB,1,5378,13620,4.7,0.287,0.06369,35
2023-12-01,SMB,2,4839,14482,4.0,0.482,0.07812,27
2023-12-01,SMB,3,4919,12509,4.7,0.442,0.07472,25
2023-12-01,SMB,4,5102,14619,4.2,0.327,0.05944,32
2023-12-01,SMB,5,4841,13273,4.4,0.297,0.06114,22
2023-12-01,SMB,6,5044,12521,4.8,0.137,0.03821,36
2023-12-01,SMB,7,4634,12841,4.3,0.117,0.03566,38
2023-12-01,SMB,8,4891,13490,4.4,0.267,0.05774,25
2023-12-01,SMB,9,5011,14290,4.2,0.462,0.07642,22
2023-12-01,Mid,1,13602,51525,3.2,0.287,0.06369,15
2023-12-01,Mid,2,13334,40155,4.0,0.482,0.07812,7
2023-12-01,Mid,3,14248,40870,4.2,0.442,0.07472,19
2023-12-01,Mid,4,11589,46363,3.0,0.327,0.05944,14
2023-12-01,Mid,5,13720,37430,4.4,0.297,0.06114,8
2023-12-01,Mid,6,13456,44721,3.6,0.137,0.03821,9
2023-12-01,Mid,7,12565,45800,3.3,0.117,0.03566,18
2023-12-01,Mid,8,12005,40034,3.6,0.267,0.05774,14
2023-12-01,Mid,9,12517,44943,3.3,0.462,0.07642,4
2023-12-01,Large,1,41567,266796,1.9,0.287,0.06369,5
2023-12-01,Large,2,43535,231651,2.3,0.482,0.07812,0
2023-12-01,Large,3,40275,250757,1.9,0.442,0.07472,6
2023-12-01,Large,4,49304,286887,2.1,0.327,0.05944,7
2023-12-01,Large,5,50052,271435,2.2,0.297,0.06114,6
2023-12-01,Large,6,54095,252964,2.6,0.137,0.03821,2
2023-12-01,Large,7,46762,254440,2.2,0.117,0.03566,3
2023-12-01,Large,8,41497,263425,1.9,0.267,0.05774,0
2023-12-01,Large,9,50209,243858,2.5,0.462,0.07642,0
2024-01-01,SMB,1,5119,14022,4.4,0.286,0.06266,24
2024-01-01,SMB,2,5360,12350,5.2,0.479,0.07686,26
2024-01-01,SMB,3,4855,12848,4.5,0.439,0.07352,25
2024-01-01,SMB,4,5178,12363,5.0,0.326,0.05848,28
2024-01-01,SMB,5,5000,12489,4.8,0.296,0.06015,30
2024-01-01,SMB,6,4846,12002,4.8,0.136,0.03759,46
2024-01-01,SMB,7,5092,12050,5.1,0.116,0.03509,43
2024-01-01,SMB,8,4914,14787,4.0,0.266,0.05681,34
2024-01-01,SMB,9,5009,11655,5.2,0.459,0.07519,31
2024-01-01,Mid,1,13698,41793,3.9,0.286,0.06266,14
2024-01-01,Mid,2,13206,46002,3.4,0.479,0.07686,8
2024-01-01,Mid,3,12649,40046,3.8,0.439,0.07352,5
2024-01-01,Mid,4,12722,41520,3.7,0.326,0.05848,3
2024-01-01,Mid,5,13815,45567,3.6,0.296,0.06015,7
2024-01-01,Mid,6,13708,45057,3.7,0.136,0.03759,11
2024-01-01,Mid,7,12207,45200,3.2,0.116,0.03509,13
2024-01-01,Mid,8,12572,43154,3.5,0.266,0.05681,14
2024-01-01,Mid,9,13180,44264,3.6,0.459,0.07519,2
2024-01-01,Large,1,44997,256020,2.1,0.286,0.06266,2
2024-01-01,Large,2,48804,259084,2.3,0.479,0.07686,5
2024-01-01,Large,3,45346,219854,2.5,0.439,0.07352,0
2024-01-01,Large,4,47865,260774,2.2,0.326,0.05848,0
2024-01-01,Large,5,45883,232781,2.4,0.296,0.06015,1
2024-01-01,Large,6,49723,219433,2.7,0.136,0.03759,3
2024-01-01,Large,7,43812,260351,2.0,0.116,0.03509,0
2024-01-01,Large,8,46593,254902,2.2,0.266,0.05681,5
2024-01-01,Large,9,46244,259254,2.1,0.459,0.07519,2
2024-02-01,SMB,1,4913,10882,5.4,0.285,0.06163,28
2024-02-01,SMB,2,4807,11900,4.8,0.475,0.0756,22
2024-02-01,SMB,3,4910,11396,5.2,0.435,0.07231,29
2024-02-01,SMB,4,4987,12150,4.9,0.325,0.05752,24
2024-02-01,SMB,5,4748,11974,4.8,0.295,0.05916,25
2024-02-01,SMB,6,5669,12263,5.5,0.135,0.03698,38
2024-02-01,SMB,7,5569,11585,5.8,0.115,0.03451,39
2024-02-01,SMB,8,4951,11591,5.1,0.265,0.05588,22
2024-02-01,SMB,9,5337,10170,6.3,0.455,0.07395,26
2024-02-01,Mid,1,13089,43075,3.6,0.285,0.06163,6
2024-02-01,Mid,2,14521,46508,3.7,0.475,0.0756,8
2024-02-01,Mid,3,13636,41090,4.0,0.435,0.07231,11
2024-02-01,Mid,4,15507,42583,4.4,0.325,0.05752,8
2024-02-01,Mid,5,14185,53193,3.2,0.295,0.05916,0
2024-02-01,Mid,6,12976,38718,4.0,0.135,0.03698,14
2024-02-01,Mid,7,14490,37656,4.6,0.115,0.03451,24
2024-02-01,Mid,8,13671,42236,3.9,0.265,0.05588,0
2024-02-01,Mid,9,13315,44215,3.6,0.455,0.07395,12
2024-02-01,Large,1,48962,306755,1.9,0.285,0.06163,0
2024-02-01,Large,2,42945,229295,2.2,0.475,0.0756,1
2024-02-01,Large,3,47790,249582,2.3,0.435,0.07231,4
2024-02-01,Large,4,47101,295456,1.9,0.325,0.05752,0
2024-02-01,Large,5,54656,270235,2.4,0.295,0.05916,4
2024-02-01,Large,6,46520,235809,2.4,0.135,0.03698,2
2024-02-01,Large,7,51735,250142,2.5,0.115,0.03451,2
2024-02-01,Large,8,46384,238984,2.3,0.265,0.05588,4
2024-02-01,Large,9,52319,209193,3.0,0.455,0.07395,9
2024-03-01,SMB,1,5508,11548,5.7,0.284,0.0606,32
2024-03-01,SMB,2,5161,11684,5.3,0.472,0.07434,20
2024-03-01,SMB,3,4915,11580,5.1,0.432,0.0711,29
2024-03-01,SMB,4,5437,12530,5.2,0.324,0.05656,24
2024-03-01,SMB,5,5716,13010,5.3,0.294,0.05818,24
2024-03-01,SMB,6,5783,11031,6.3,0.134,0.03636,43
2024-03-01,SMB,7,5512,11800,5.6,0.114,0.03394,36
2024-03-01,SMB,8,5664,12880,5.3,0.264,0.05494,28
2024-03-01,SMB,9,5016,11732,5.1,0.452,0.07272,25
2024-03-01,Mid,1,14428,40914,4.2,0.284,0.0606,16
2024-03-01,Mid,2,14793,40763,4.4,0.472,0.07434,5
2024-03-01,Mid,3,13571,41990,3.9,0.432,0.0711,15
2024-03-01,Mid,4,13043,45652,3.4,0.324,0.05656,1
2024-03-01,Mid,5,14157,39621,4.3,0.294,0.05818,1
2024-03-01,Mid,6,15109,39154,4.6,0.134,0.03636,11
2024-03-01,Mid,7,13149,41311,3.8,0.114,0.03394,8
2024-03-01,Mid,8,14282,46464,3.7,0.264,0.05494,6
2024-03-01,Mid,9,13872,38287,4.3,0.452,0.07272,13
2024-03-01,Large,1,54245,226916,2.9,0.284,0.0606,2
2024-03-01,Large,2,48166,204107,2.8,0.472,0.07434,0
2024-03-01,Large,3,48058,219033,2.6,0.432,0.0711,3
2024-03-01,Large,4,49848,232328,2.6,0.324,0.05656,1
2024-03-01,Large,5,41600,256503,1.9,0.294,0.05818,0
2024-03-01,Large,6,48979,178951,3.3,0.134,0.03636,4
2024-03-01,Large,7,52616,247482,2.6,0.114,0.03394,7
2024-03-01,Large,8,47691,238745,2.4,0.264,0.05494,6
2024-03-01,Large,9,47786,248850,2.3,0.452,0.07272,0
2024-04-01,SMB,1,5275,11399,5.6,0.283,0.05957,19
2024-04-01,SMB,2,5418,10753,6.0,0.469,0.07307,23
2024-04-01,SMB,3,5115,10653,5.8,0.429,0.0699,22
2024-04-01,SMB,4,5482,12354,5.3,0.323,0.0556,32
2024-04-01,SMB,5,5641,10203,6.6,0.293,0.05719,27
2024-04-01,SMB,6,4542,10272,5.3,0.133,0.03574,41
2024-04-01,SMB,7,5975,10893,6.6,0.113,0.03336,42
2024-04-01,SMB,8,4910,12823,4.6,0.263,0.05401,30
2024-04-01,SMB,9,5266,11165,5.7,0.449,0.07149,22
2024-04-01,Mid,1,13145,42491,3.7,0.283,0.05957,9
2024-04-01,Mid,2,13884,42148,4.0,0.469,0.07307,6
2024-04-01,Mid,3,14534,46653,3.7,0.429,0.0699,9
2024-04-01,Mid,4,13960,38378,4.4,0.323,0.0556,8
2024-04-01,Mid,5,14277,49890,3.4,0.293,0.05719,12
2024-04-01,Mid,6,13711,44244,3.7,0.133,0.03574,22
2024-04-01,Mid,7,14651,42127,4.2,0.113,0.03336,14
2024-04-01,Mid,8,14051,39846,4.2,0.263,0.05401,4
2024-04-01,Mid,9,14119,39280,4.3,0.449,0.07149,3
2024-04-01,Large,1,48310,258402,2.2,0.283,0.05957,0
2024-04-01,Large,2,46497,269000,2.1,0.469,0.07307,2
2024-04-01,Large,3,46468,227693,2.4,0.429,0.0699,2
2024-04-01,Large,4,43904,235454,2.2,0.323,0.0556,0
2024-04-01,Large,5,47534,222553,2.6,0.293,0.05719,9
2024-04-01,Large,6,52064,248695,2.5,0.133,0.03574,0
2024-04-01,Large,7,48754,262977,2.2,0.113,0.03336,4
2024-04-01,Large,8,52650,246599,2.6,0.263,0.05401,0
2024-04-01,Large,9,44614,216908,2.5,0.449,0.07149,0
2024-05-01,SMB,1,5795,10969,6.3,0.282,0.05854,29
2024-05-01,SMB,2,5370,11697,5.5,0.465,0.07181,27
2024-05-01,SMB,3,5677,11173,6.1,0.425,0.06869,20
2024-05-01,SMB,4,6135,11642,6.3,0.322,0.05464,27
2024-05-01,SMB,5,6112,12748,5.8,0.292,0.0562,35
2024-05-01,SMB,6,5315,10759,5.9,0.132,0.03513,41
2024-05-01,SMB,7,5535,9910,6.7,0.112,0.03278,41
2024-05-01,SMB,8,5181,12149,5.1,0.262,0.05308,19
2024-05-01,SMB,9,5691,12809,5.3,0.445,0.07025,25
2024-05-01,Mid,1,14732,38927,4.5,0.282,0.05854,8
2024-05-01,Mid,2,15023,41127,4.4,0.465,0.07181,0
2024-05-01,Mid,3,14782,38651,4.6,0.425,0.06869,14
2024-05-01,Mid,4,14757,31984,5.5,0.322,0.05464,11
2024-05-01,Mid,5,13948,42957,3.9,0.292,0.0562,11
2024-05-01,Mid,6,14444,42412,4.1,0.132,0.03513,23
2024-05-01,Mid,7,14194,43525,3.9,0.112,0.03278,18
2024-05-01,Mid,8,14661,43198,4.1,0.262,0.05308,17
2024-05-01,Mid,9,15775,40922,4.6,0.445,0.07025,5
2024-05-01,Large,1,53243,248107,2.6,0.282,0.05854,5
2024-05-01,Large,2,50837,229910,2.7,0.465,0.07181,0
2024-05-01,Large,3,49776,274762,2.2,0.425,0.06869,6
2024-05-01,Large,4,47885,228203,2.5,0.322,0.05464,0
2024-05-01,Large,5,55121,271511,2.4,0.292,0.0562,2
2024-05-01,Large,6,50216,235025,2.6,0.132,0.03513,0
2024-05-01,Large,7,49066,218236,2.7,0.112,0.03278,11
2024-05-01,Large,8,48727,228044,2.6,0.262,0.05308,0
2024-05-01,Large,9,49680,263434,2.3,0.445,0.07025,0
2024-06-01,SMB,1,6082,11706,6.2,0.281,0.05751,32
2024-06-01,SMB,2,5478,11648,5.6,0.462,0.07055,25
2024-06-01,SMB,3,5811,10641,6.6,0.422,0.06748,30
2024-06-01,SMB,4,5862,11964,5.9,0.321,0.05368,26
2024-06-01,SMB,5,5874,11867,5.9,0.291,0.05521,30
2024-06-01,SMB,6,5950,11034,6.5,0.131,0.03451,26
2024-06-01,SMB,7,5202,12495,5.0,0.111,0.03221,40
2024-06-01,SMB,8,5518,11798,5.6,0.261,0.05215,38
2024-06-01,SMB,9,5885,11152,6.3,0.442,0.06902,27
2024-06-01,Mid,1,14102,36123,4.7,0.281,0.05751,12
2024-06-01,Mid,2,14957,35736,5.0,0.462,0.07055,5
2024-06-01,Mid,3,14088,42171,4.0,0.422,0.06748,14
2024-06-01,Mid,4,15282,45002,4.1,0.321,0.05368,10
2024-06-01,Mid,5,14990,41009,4.4,0.291,0.05521,6
2024-06-01,Mid,6,13881,44037,3.8,0.131,0.03451,12
2024-06-01,Mid,7,15265,36762,5.0,0.111,0.03221,3
2024-06-01,Mid,8,15690,36328,5.2,0.261,0.05215,8
2024-06-01,Mid,9,16303,39615,4.9,0.442,0.06902,1
2024-06-01,Large,1,45382,247516,2.2,0.281,0.05751,0
2024-06-01,Large,2,49131,238246,2.5,0.462,0.07055,1
2024-06-01,Large,3,47213,216567,2.6,0.422,0.06748,7
2024-06-01,Large,4,51867,224021,2.8,0.321,0.05368,4
2024-06-01,Large,5,53684,216840,3.0,0.291,0.05521,0
2024-06-01,Large,6,53411,253429,2.5,0.131,0.03451,3
2024-06-01,Large,7,48474,241444,2.4,0.111,0.03221,2
2024-06-01,Large,8,47389,226414,2.5,0.261,0.05215,1
2024-06-01,Large,9,50898,215834,2.8,0.442,0.06902,0
2024-07-01,SMB,1,6034,10823,6.7,0.279,0.05649,24
2024-07-01,SMB,2,5886,10938,6.5,0.458,0.06929,19
2024-07-01,SMB,3,5651,9280,7.3,0.418,0.06628,17
2024-07-01,SMB,4,5811,11128,6.3,0.319,0.05272,25
2024-07-01,SMB,5,5633,11588,5.8,0.289,0.05423,22
2024-07-01,SMB,6,5602,9733,6.9,0.129,0.03389,29
2024-07-01,SMB,7,5632,9860,6.9,0.109,0.03163,38
2024-07-01,SMB,8,5831,11394,6.1,0.259,0.05121,23
2024-07-01,Mid,1,13714,45002,3.7,0.279,0.05649,2
2024-07-01,Mid,2,12788,35486,4.3,0.458,0.06929,7
2024-07-01,Mid,3,14561,39329,4.4,0.418,0.06628,7
2024-07-01,Mid,4,13390,42134,3.8,0.319,0.05272,4
2024-07-01,Mid,5,12316,40044,3.7,0.289,0.05423,14
2024-07-01,Mid,6,15008,39027,4.6,0.129,0.03389,14
2024-07-01,Mid,7,14494,36412,4.8,0.109,0.03163,20
2024-07-01,Mid,8,14589,38332,4.6,0.259,0.05121,13
2024-07-01,Large,1,52699,247868,2.6,0.279,0.05649,0
2024-07-01,Large,2,50208,215233,2.8,0.458,0.06929,0
2024-07-01,Large,3,48721,259491,2.3,0.418,0.06628,2
2024-07-01,Large,4,51456,242221,2.5,0.319,0.05272,0
2024-07-01,Large,5,52926,253316,2.5,0.289,0.05423,5
2024-07-01,Large,6,52353,239298,2.6,0.129,0.03389,4
2024-07-01,Large,7,49435,231174,2.6,0.109,0.03163,9
2024-07-01,Large,8,47569,225484,2.5,0.259,0.05121,1
2024-08-01,SMB,1,6305,10163,7.4,0.278,0.05546,18
2024-08-01,SMB,2,6476,10953,7.1,0.455,0.06803,26
2024-08-01,SMB,3,5122,8991,6.8,0.415,0.06507,31
2024-08-01,SMB,4,6178,9719,7.6,0.318,0.05176,31
2024-08-01,SMB,5,6094,12055,6.1,0.288,0.05324,22
2024-08-01,SMB,6,6122,10017,7.3,0.128,0.03327,41
2024-08-01,SMB,7,6004,10513,6.9,0.108,0.03106,42
2024-08-01,SMB,8,6214,11196,6.7,0.258,0.05028,29
2024-08-01,Mid,1,16953,43197,4.7,0.278,0.05546,15
2024-08-01,Mid,2,13637,38053,4.3,0.455,0.06803,8
2024-08-01,Mid,3,15905,36340,5.3,0.415,0.06507,8
2024-08-01,Mid,4,14710,38926,4.5,0.318,0.05176,5
2024-08-01,Mid,5,15728,40410,4.7,0.288,0.05324,10
2024-08-01,Mid,6,13664,38123,4.3,0.128,0.03327,2
2024-08-01,Mid,7,14538,42723,4.1,0.108,0.03106,7
2024-08-01,Mid,8,15949,41551,4.6,0.258,0.05028,10
2024-08-01,Large,1,51944,212259,2.9,0.278,0.05546,0
2024-08-01,Large,2,49068,247217,2.4,0.455,0.06803,3
2024-08-01,Large,3,52715,224286,2.8,0.415,0.06507,3
2024-08-01,Large,4,54338,241636,2.7,0.318,0.05176,6
2024-08-01,Large,5,46839,274421,2.0,0.288,0.05324,9
2024-08-01,Large,6,50868,192654,3.2,0.128,0.03327,4
2024-08-01,Large,7,58221,221472,3.2,0.108,0.03106,3
2024-08-01,Large,8,54765,203627,3.2,0.258,0.05028,0
2024-09-01,SMB,1,6325,9806,7.7,0.277,0.05443,22
2024-09-01,SMB,2,6437,10122,7.6,0.451,0.06677,24
2024-09-01,SMB,3,6089,9334,7.8,0.411,0.06386,22
2024-09-01,SMB,4,6491,11501,6.8,0.317,0.0508,23
2024-09-01,SMB,5,6195,10753,6.9,0.287,0.05225,27
2024-09-01,SMB,6,6208,9206,8.1,0.127,0.03266,33
2024-09-01,SMB,7,7119,10226,8.4,0.107,0.03048,29
2024-09-01,SMB,8,6201,10917,6.8,0.257,0.04935,28
2024-09-01,Mid,1,14500,37552,4.6,0.277,0.05443,6
2024-09-01,Mid,2,14378,37231,4.6,0.451,0.06677,13
2024-09-01,Mid,3,16813,33915,5.9,0.411,0.06386,4
2024-09-01,Mid,4,14371,41207,4.2,0.317,0.0508,5
2024-09-01,Mid,5,15581,40113,4.7,0.287,0.05225,8
2024-09-01,Mid,6,15476,39628,4.7,0.127,0.03266,10
2024-09-01,Mid,7,13936,38278,4.4,0.107,0.03048,1
2024-09-01,Mid,8,14497,41126,4.2,0.257,0.04935,15
2024-09-01,Large,1,48362,219343,2.6,0.277,0.05443,7
2024-09-01,Large,2,53610,250210,2.6,0.451,0.06677,4
2024-09-01,Large,3,51346,231053,2.7,0.411,0.06386,0
2024-09-01,Large,4,47536,218119,2.6,0.317,0.0508,7
2024-09-01,Large,5,50496,220539,2.7,0.287,0.05225,0
2024-09-01,Large,6,56795,202359,3.4,0.127,0.03266,4
2024-09-01,Large,7,58455,201715,3.5,0.107,0.03048,0
2024-09-01,Large,8,58695,240225,2.9,0.257,0.04935,6
2024-10-01,SMB,1,7286,9383,9.3,0.276,0.0534,29
2024-10-01,SMB,2,6416,8132,9.5,0.448,0.0655,22
2024-10-01,SMB,3,6847,9809,8.4,0.408,0.06266,25
2024-10-01,SMB,4,6366,9574,8.0,0.316,0.04984,21
2024-10-01,SMB,5,5758,9854,7.0,0.286,0.05126,20
2024-10-01,SMB,6,6563,9649,8.2,0.126,0.03204,34
2024-10-01,SMB,7,5640,9542,7.1,0.106,0.0299,30
2024-10-01,SMB,8,6790,10776,7.6,0.256,0.04842,18
2024-10-01,Mid,1,15093,39119,4.6,0.276,0.0534,9
2024-10-01,Mid,2,15286,35185,5.2,0.448,0.0655,6
2024-10-01,Mid,3,17285,38177,5.4,0.408,0.06266,14
2024-10-01,Mid,4,14277,41132,4.2,0.316,0.04984,3
2024-10-01,Mid,5,14449,39247,4.4,0.286,0.05126,13
2024-10-01,Mid,6,14255,34466,5.0,0.126,0.03204,15
2024-10-01,Mid,7,15115,31558,5.7,0.106,0.0299,8
2024-10-01,Mid,8,16446,41539,4.8,0.256,0.04842,9
2024-10-01,Large,1,52088,245157,2.5,0.276,0.0534,0
2024-10-01,Large,2,50683,212470,2.9,0.448,0.0655,0
2024-10-01,Large,3,49345,194971,3.0,0.408,0.06266,0
2024-10-01,Large,4,54976,246712,2.7,0.316,0.04984,7
2024-10-01,Large,5,58882,222618,3.2,0.286,0.05126,0
2024-10-01,Large,6,52152,233260,2.7,0.126,0.03204,0
2024-10-01,Large,7,54337,229402,2.8,0.106,0.0299,0
2024-10-01,Large,8,44237,221123,2.4,0.256,0.04842,6
2024-11-01,SMB,1,6515,10508,7.4,0.275,0.05237,24
2024-11-01,SMB,2,6519,10934,7.2,0.445,0.06424,12
2024-11-01,SMB,3,7097,8893,9.6,0.405,0.06145,25
2024-11-01,SMB,4,6395,9783,7.8,0.315,0.04888,32
2024-11-01,SMB,5,6947,8898,9.4,0.285,0.05028,23
2024-11-01,SMB,6,5930,9866,7.2,0.125,0.03142,32
2024-11-01,SMB,7,6563,9593,8.2,0.105,0.02933,39
2024-11-01,SMB,8,6201,9470,7.9,0.255,0.04748,14
2024-11-01,Mid,1,17788,42512,5.0,0.275,0.05237,9
2024-11-01,Mid,2,14420,38324,4.5,0.445,0.06424,1
2024-11-01,Mid,3,16517,30637,6.5,0.405,0.06145,0
2024-11-01,Mid,4,14288,39415,4.4,0.315,0.04888,10
2024-11-01,Mid,5,16246,40633,4.8,0.285,0.05028,4
2024-11-01,Mid,6,16628,34624,5.8,0.125,0.03142,15
2024-11-01,Mid,7,14912,31748,5.6,0.105,0.02933,6
2024-11-01,Mid,8,17059,40008,5.1,0.255,0.04748,8
2024-11-01,Large,1,54646,209496,3.1,0.275,0.05237,0
2024-11-01,Large,2,48940,227022,2.6,0.445,0.06424,0
2024-11-01,Large,3,53316,215585,3.0,0.405,0.06145,0
2024-11-01,Large,4,54922,253166,2.6,0.315,0.04888,6
2024-11-01,Large,5,53539,239437,2.7,0.285,0.05028,10
2024-11-01,Large,6,51293,205060,3.0,0.125,0.03142,3
2024-11-01,Large,7,54636,196546,3.3,0.105,0.02933,6
2024-11-01,Large,8,51306,256817,2.4,0.255,0.04748,3
2024-12-01,SMB,1,6667,9945,8.0,0.274,0.05134,31
2024-12-01,SMB,2,6897,8194,10.1,0.441,0.06298,25
2024-12-01,SMB,3,5872,8109,8.7,0.401,0.06024,24
2024-12-01,SMB,4,5799,7964,8.7,0.314,0.04792,15
2024-12-01,SMB,5,6432,11737,6.6,0.284,0.04929,25
2024-12-01,SMB,6,6274,7458,10.1,0.124,0.03081,33
2024-12-01,SMB,7,6788,8862,9.2,0.104,0.02875,36
2024-12-01,SMB,8,6324,10369,7.3,0.254,0.04655,26
2024-12-01,Mid,1,15397,44602,4.1,0.274,0.05134,9
2024-12-01,Mid,2,14508,38116,4.6,0.441,0.06298,11
2024-12-01,Mid,3,14205,33620,5.1,0.401,0.06024,2
2024-12-01,Mid,4,14483,38154,4.6,0.314,0.04792,13
2024-12-01,Mid,5,17829,37370,5.7,0.284,0.04929,5
2024-12-01,Mid,6,17094,36200,5.7,0.124,0.03081,22
2024-12-01,Mid,7,18297,35965,6.1,0.104,0.02875,11
2024-12-01,Mid,8,14942,38356,4.7,0.254,0.04655,8
2024-12-01,Large,1,54342,242314,2.7,0.274,0.05134,0
2024-12-01,Large,2,55319,231895,2.9,0.441,0.06298,2
2024-12-01,Large,3,57891,217018,3.2,0.401,0.06024,0
2024-12-01,Large,4,56261,224970,3.0,0.314,0.04792,5
2024-12-01,Large,5,52018,214760,2.9,0.284,0.04929,1
2024-12-01,Large,6,55459,168612,3.9,0.124,0.03081,0
2024-12-01,Large,7,55759,208728,3.2,0.104,0.02875,4
2024-12-01,Large,8,52091,249327,2.5,0.254,0.04655,0
2025-01-01,SMB,1,6487,9455,8.2,0.273,0.05031,25
2025-01-01,SMB,2,6583,7972,9.9,0.438,0.06172,23
2025-01-01,SMB,3,7024,8495,9.9,0.398,0.05904,17
2025-01-01,SMB,4,6478,8584,9.1,0.313,0.04696,22
2025-01-01,SMB,5,6246,7848,9.6,0.283,0.0483,14
2025-01-01,SMB,6,6296,7499,10.1,0.123,0.03019,31
2025-01-01,SMB,7,6729,8219,9.8,0.103,0.02818,41
2025-01-01,SMB,8,6711,9063,8.9,0.253,0.04562,35
2025-01-01,Mid,1,16594,38853,5.1,0.273,0.05031,13
2025-01-01,Mid,2,16242,31018,6.3,0.438,0.06172,14
2025-01-01,Mid,3,16813,31409,6.4,0.398,0.05904,9
2025-01-01,Mid,4,16558,38253,5.2,0.313,0.04696,3
2025-01-01,Mid,5,15890,43834,4.4,0.283,0.0483,16
2025-01-01,Mid,6,16317,37662,5.2,0.123,0.03019,15
2025-01-01,Mid,7,16235,40197,4.8,0.103,0.02818,18
2025-01-01,Mid,8,16343,32739,6.0,0.253,0.04562,2
2025-01-01,Large,1,58625,232739,3.0,0.273,0.05031,2
2025-01-01,Large,2,57725,226251,3.1,0.438,0.06172,5
2025-01-01,Large,3,57135,193547,3.5,0.398,0.05904,2
2025-01-01,Large,4,53028,247782,2.6,0.313,0.04696,3
2025-01-01,Large,5,51500,225351,2.7,0.283,0.0483,1
2025-01-01,Large,6,59156,216480,3.3,0.123,0.03019,0
2025-01-01,Large,7,54776,211595,3.1,0.103,0.02818,4
2025-01-01,Large,8,48697,230117,2.5,0.253,0.04562,13
2025-02-01,SMB,1,6407,8362,9.2,0.271,0.04929,18
2025-02-01,SMB,2,6907,8369,9.9,0.434,0.06046,30
2025-02-01,SMB,3,7254,8436,10.3,0.394,0.05783,28
2025-02-01,SMB,4,7155,8975,9.6,0.311,0.046,28
2025-02-01,SMB,5,7499,8426,10.7,0.281,0.04731,33
2025-02-01,SMB,6,7299,7950,11.0,0.121,0.02957,39
2025-02-01,SMB,7,6797,7284,11.2,0.101,0.0276,32
2025-02-01,SMB,8,6986,9770,8.6,0.251,0.04469,21
2025-02-01,Mid,1,15935,41057,4.7,0.271,0.04929,13
2025-02-01,Mid,2,15173,33660,5.4,0.434,0.06046,9
2025-02-01,Mid,3,16430,35475,5.6,0.394,0.05783,11
2025-02-01,Mid,4,14798,41131,4.3,0.311,0.046,11
2025-02-01,Mid,5,15585,41557,4.5,0.281,0.04731,12
2025-02-01,Mid,6,14752,35643,5.0,0.121,0.02957,15
2025-02-01,Mid,7,15936,29864,6.4,0.101,0.0276,13
2025-02-01,Mid,8,16332,40493,4.8,0.251,0.04469,0
2025-02-01,Large,1,61060,208923,3.5,0.271,0.04929,5
2025-02-01,Large,2,55080,190006,3.5,0.434,0.06046,3
2025-02-01,Large,3,55754,191268,3.5,0.394,0.05783,1
2025-02-01,Large,4,51774,213668,2.9,0.311,0.046,4
2025-02-01,Large,5,53223,210320,3.0,0.281,0.04731,14
2025-02-01,Large,6,61391,184385,4.0,0.121,0.02957,7
2025-02-01,Large,7,53315,176990,3.6,0.101,0.0276,0
2025-02-01,Large,8,54249,234217,2.8,0.251,0.04469,0
2025-03-01,SMB,1,6756,8895,9.1,0.27,0.04826,17
2025-03-01,SMB,2,7030,7639,11.0,0.431,0.0592,15
2025-03-01,SMB,3,6692,7766,10.3,0.391,0.05662,22
2025-03-01,SMB,4,7394,7710,11.5,0.31,0.04504,20
2025-03-01,SMB,5,6961,7396,11.3,0.28,0.04633,28
2025-03-01,SMB,6,6835,7043,11.6,0.12,0.02895,31
2025-03-01,SMB,7,6891,5942,13.9,0.1,0.02702,33
2025-03-01,SMB,8,7020,7374,11.4,0.25,0.04375,27
2025-03-01,Mid,1,17045,36654,5.6,0.27,0.04826,4
2025-03-01,Mid,2,15393,31871,5.8,0.431,0.0592,4
2025-03-01,Mid,3,17429,32739,6.4,0.391,0.05662,6
2025-03-01,Mid,4,15457,40241,4.6,0.31,0.04504,7
2025-03-01,Mid,5,17167,38232,5.4,0.28,0.04633,0
2025-03-01,Mid,6,15287,29754,6.2,0.12,0.02895,13
2025-03-01,Mid,7,15299,34387,5.3,0.1,0.02702,6
2025-03-01,Mid,8,15021,39916,4.5,0.25,0.04375,8
2025-03-01,Large,1,55957,198251,3.4,0.27,0.04826,9
2025-03-01,Large,2,52804,221314,2.9,0.431,0.0592,0
2025-03-01,Large,3,55722,190960,3.5,0.391,0.05662,3
2025-03-01,Large,4,54674,230118,2.9,0.31,0.04504,7
2025-03-01,Large,5,60714,237027,3.1,0.28,0.04633,6
2025-03-01,Large,6,58672,194092,3.6,0.12,0.02895,0
2025-03-01,Large,7,55326,176382,3.8,0.1,0.02702,8
2025-03-01,Large,8,52050,210647,3.0,0.25,0.04375,0
2025-04-01,SMB,1,6968,7201,11.6,0.269,0.04723,15
2025-04-01,SMB,2,6866,7255,11.4,0.427,0.05793,16
2025-04-01,SMB,3,6894,7272,11.4,0.387,0.05541,23
2025-04-01,SMB,4,7094,9264,9.2,0.309,0.04408,26
2025-04-01,SMB,5,7474,9734,9.2,0.279,0.04534,25
2025-04-01,SMB,6,7756,8131,11.4,0.119,0.02834,34
2025-04-01,SMB,7,7668,6582,14.0,0.099,0.02645,33
2025-04-01,SMB,8,7637,8251,11.1,0.249,0.04282,14
2025-04-01,Mid,1,15070,35014,5.2,0.269,0.04723,7
2025-04-01,Mid,2,15901,32166,5.9,0.427,0.05793,8
2025-04-01,Mid,3,16533,37369,5.3,0.387,0.05541,0
2025-04-01,Mid,4,16156,38880,5.0,0.309,0.04408,0
2025-04-01,Mid,5,16247,36147,5.4,0.279,0.04534,12
2025-04-01,Mid,6,16711,34848,5.8,0.119,0.02834,15
2025-04-01,Mid,7,17082,28954,7.1,0.099,0.02645,4
2025-04-01,Mid,8,16077,39024,4.9,0.249,0.04282,13
2025-04-01,Large,1,50806,201638,3.0,0.269,0.04723,1
2025-04-01,Large,2,57024,212768,3.2,0.427,0.05793,3
2025-04-01,Large,3,53602,225395,2.9,0.387,0.05541,1
2025-04-01,Large,4,57329,215348,3.2,0.309,0.04408,4
2025-04-01,Large,5,56795,247269,2.8,0.279,0.04534,10
2025-04-01,Large,6,57247,179813,3.8,0.119,0.02834,7
2025-04-01,Large,7,56897,172456,4.0,0.099,0.02645,1
2025-04-01,Large,8,58768,242392,2.9,0.249,0.04282,3
2025-05-01,SMB,1,7211,7441,11.6,0.268,0.0462,20
2025-05-01,SMB,2,7615,6502,14.1,0.424,0.05667,18
2025-05-01,SMB,3,6869,6690,12.3,0.384,0.05421,23
2025-05-01,SMB,4,6682,7702,10.4,0.308,0.04312,16
2025-05-01,SMB,5,7211,8331,10.4,0.278,0.04435,14
2025-05-01,SMB,6,7150,6239,13.8,0.118,0.02772,32
2025-05-01,SMB,7,7958,5780,16.5,0.098,0.02587,27
2025-05-01,SMB,8,7641,7547,12.1,0.248,0.04189,30
2025-05-01,Mid,1,16499,40801,4.9,0.268,0.0462,0
2025-05-01,Mid,2,17086,28813,7.1,0.424,0.05667,1
2025-05-01,Mid,3,14398,32489,5.3,0.384,0.05421,11
2025-05-01,Mid,4,19777,32485,7.3,0.308,0.04312,8
2025-05-01,Mid,5,17080,32128,6.4,0.278,0.04435,8
2025-05-01,Mid,6,16661,37314,5.4,0.118,0.02772,16
2025-05-01,Mid,7,15346,32411,5.7,0.098,0.02587,1
2025-05-01,Mid,8,17476,37627,5.6,0.248,0.04189,10
2025-05-01,Large,1,56217,234037,2.9,0.268,0.0462,4
2025-05-01,Large,2,53876,183384,3.5,0.424,0.05667,0
2025-05-01,Large,3,65303,207131,3.8,0.384,0.05421,0
2025-05-01,Large,4,50444,219962,2.8,0.308,0.04312,5
2025-05-01,Large,5,60915,195354,3.7,0.278,0.04435,0
2025-05-01,Large,6,54066,197401,3.3,0.118,0.02772,0
2025-05-01,Large,7,54809,158728,4.1,0.098,0.02587,0
2025-05-01,Large,8,55620,248493,2.7,0.248,0.04189,0
2025-06-01,SMB,1,7458,7348,12.2,0.267,0.04517,22
2025-06-01,SMB,2,6966,6131,13.6,0.421,0.05541,23
2025-06-01,SMB,3,7635,6537,14.0,0.381,0.053,27
2025-06-01,SMB,4,7637,8651,10.6,0.307,0.04216,21
2025-06-01,SMB,5,7510,7828,11.5,0.277,0.04336,17
2025-06-01,SMB,6,7561,5837,15.5,0.117,0.0271,34
2025-06-01,SMB,7,7198,5970,14.5,0.097,0.0253,28
2025-06-01,SMB,8,8305,6761,14.7,0.247,0.04096,13
2025-06-01,Mid,1,16943,36494,5.6,0.267,0.04517,4
2025-06-01,Mid,2,17982,31855,6.8,0.421,0.05541,5
2025-06-01,Mid,3,17364,23447,8.9,0.381,0.053,5
2025-06-01,Mid,4,18383,38051,5.8,0.307,0.04216,12
2025-06-01,Mid,5,16565,36418,5.5,0.277,0.04336,8
2025-06-01,Mid,6,15918,32738,5.8,0.117,0.0271,2
2025-06-01,Mid,7,18564,32047,7.0,0.097,0.0253,10
2025-06-01,Mid,8,17340,34666,6.0,0.247,0.04096,8
2025-06-01,Large,1,64473,193558,4.0,0.267,0.04517,0
2025-06-01,Large,2,57814,198112,3.5,0.421,0.05541,6
2025-06-01,Large,3,58177,212338,3.3,0.381,0.053,0
2025-06-01,Large,4,56410,221857,3.1,0.307,0.04216,6
2025-06-01,Large,5,48200,248516,2.3,0.277,0.04336,7
2025-06-01,Large,6,59408,202089,3.5,0.117,0.0271,1
2025-06-01,Large,7,60698,179002,4.1,0.097,0.0253,9
2025-06-01,Large,8,54239,187789,3.5,0.247,0.04096,0
2025-07-01,SMB,1,8176,6830,14.4,0.266,0.04414,22
2025-07-01,SMB,2,7572,6251,14.5,0.417,0.05415,20
2025-07-01,SMB,3,7311,6752,13.0,0.377,0.05179,19
2025-07-01,SMB,4,7177,7520,11.5,0.306,0.0412,31
2025-07-01,SMB,5,7762,7344,12.7,0.276,0.04238,11
2025-07-01,SMB,6,7852,5531,17.0,0.116,0.02649,28
2025-07-01,SMB,7,7196,5914,14.6,0.096,0.02472,22
2025-07-01,SMB,8,7901,7943,11.9,0.246,0.04002,20
2025-07-01,Mid,1,16255,34243,5.7,0.266,0.04414,8
2025-07-01,Mid,2,15031,32951,5.5,0.417,0.05415,0
2025-07-01,Mid,3,16974,30596,6.7,0.377,0.05179,7
2025-07-01,Mid,4,18092,38969,5.6,0.306,0.0412,14
2025-07-01,Mid,5,18012,32461,6.7,0.276,0.04238,6
2025-07-01,Mid,6,16992,30920,6.6,0.116,0.02649,9
2025-07-01,Mid,7,16609,32725,6.1,0.096,0.02472,7
2025-07-01,Mid,8,17447,39124,5.4,0.246,0.04002,5
2025-07-01,Large,1,54663,213729,3.1,0.266,0.04414,0
2025-07-01,Large,2,55056,189001,3.5,0.417,0.05415,0
2025-07-01,Large,3,51090,192418,3.2,0.377,0.05179,8
2025-07-01,Large,4,53220,245664,2.6,0.306,0.0412,8
2025-07-01,Large,5,51306,188347,3.3,0.276,0.04238,0
2025-07-01,Large,6,57184,199508,3.4,0.116,0.02649,0
2025-07-01,Large,7,55857,218817,3.1,0.096,0.02472,0
2025-07-01,Large,8,57894,232865,3.0,0.246,0.04002,0
2025-08-01,SMB,1,7279,6961,12.5,0.265,0.04311,25
2025-08-01,SMB,2,7513,6663,13.5,0.414,0.05289,13
2025-08-01,SMB,3,8219,5820,16.9,0.374,0.05059,19
2025-08-01,SMB,4,7995,7347,13.1,0.305,0.04024,23
2025-08-01,SMB,5,8222,7420,13.3,0.275,0.04139,19
2025-08-01,SMB,6,7623,6413,14.3,0.115,0.02587,32
2025-08-01,SMB,7,7097,5719,14.9,0.095,0.02414,38
2025-08-01,SMB,8,8677,6968,14.9,0.245,0.03909,27
2025-08-01,Mid,1,16218,33102,5.9,0.265,0.04311,7
2025-08-01,Mid,2,18851,36661,6.2,0.414,0.05289,10
2025-08-01,Mid,3,17198,25165,8.2,0.374,0.05059,6
2025-08-01,Mid,4,17438,33086,6.3,0.305,0.04024,2
2025-08-01,Mid,5,16923,34837,5.8,0.275,0.04139,0
2025-08-01,Mid,6,18159,35052,6.2,0.115,0.02587,12
2025-08-01,Mid,7,17451,29917,7.0,0.095,0.02414,13
2025-08-01,Mid,8,15849,34287,5.5,0.245,0.03909,3
2025-08-01,Large,1,61893,201535,3.7,0.265,0.04311,8
2025-08-01,Large,2,53229,191399,3.3,0.414,0.05289,2
2025-08-01,Large,3,62453,189328,4.0,0.374,0.05059,0
2025-08-01,Large,4,63137,204312,3.7,0.305,0.04024,5
2025-08-01,Large,5,60047,226656,3.2,0.275,0.04139,6
2025-08-01,Large,6,52193,203218,3.1,0.115,0.02587,3
2025-08-01,Large,7,57337,180409,3.8,0.095,0.02414,0
2025-08-01,Large,8,53063,217256,2.9,0.245,0.03909,0
2025-09-01,SMB,1,7781,6024,15.5,0.263,0.04209,20
2025-09-01,SMB,2,8201,5581,17.6,0.41,0.05163,17
2025-09-01,SMB,3,8052,5084,19.0,0.37,0.04938,31
2025-09-01,SMB,4,8498,6545,15.6,0.303,0.03928,25
2025-09-01,SMB,5,8246,5407,18.3,0.273,0.0404,18
2025-09-01,SMB,6,7560,6397,14.2,0.113,0.02525,34
2025-09-01,SMB,7,7981,5188,18.5,0.093,0.02357,39
2025-09-01,SMB,8,8148,6207,15.8,0.243,0.03816,18
2025-09-01,Mid,1,18369,29652,7.4,0.263,0.04209,4
2025-09-01,Mid,2,17692,25935,8.2,0.41,0.05163,2
2025-09-01,Mid,3,16897,31710,6.4,0.37,0.04938,12
2025-09-01,Mid,4,17728,37520,5.7,0.303,0.03928,3
2025-09-01,Mid,5,16256,36583,5.3,0.273,0.0404,17
2025-09-01,Mid,6,18245,35035,6.2,0.113,0.02525,0
2025-09-01,Mid,7,16143,28518,6.8,0.093,0.02357,6
2025-09-01,Mid,8,16991,32846,6.2,0.243,0.03816,15
2025-09-01,Large,1,60313,245355,2.9,0.263,0.04209,0
2025-09-01,Large,2,62964,223466,3.4,0.41,0.05163,8
2025-09-01,Large,3,62487,187733,4.0,0.37,0.04938,0
2025-09-01,Large,4,58094,227937,3.1,0.303,0.03928,0
2025-09-01,Large,5,55385,222092,3.0,0.273,0.0404,2
2025-09-01,Large,6,55224,189354,3.5,0.113,0.02525,5
2025-09-01,Large,7,68863,187463,4.4,0.093,0.02357,0
2025-09-01,Large,8,61140,231590,3.2,0.243,0.03816,0
2025-10-01,SMB,1,8069,6067,16.0,0.262,0.04106,4
2025-10-01,SMB,2,8504,5386,18.9,0.407,0.05036,23
2025-10-01,SMB,3,8145,5334,18.3,0.367,0.04817,18
2025-10-01,SMB,4,8477,6490,15.7,0.302,0.03832,22
2025-10-01,SMB,5,8730,5969,17.6,0.272,0.03941,19
2025-10-01,SMB,6,7235,4631,18.7,0.112,0.02463,35
2025-10-01,SMB,7,8200,5351,18.4,0.092,0.02299,30
2025-10-01,SMB,8,8228,5510,17.9,0.242,0.03723,20
2025-10-01,Mid,1,15424,31239,5.9,0.262,0.04106,1
2025-10-01,Mid,2,17928,32165,6.7,0.407,0.05036,3
2025-10-01,Mid,3,17935,31136,6.9,0.367,0.04817,0
2025-10-01,Mid,4,15895,34582,5.5,0.302,0.03832,7
2025-10-01,Mid,5,18104,31580,6.9,0.272,0.03941,0
2025-10-01,Mid,6,16734,27659,7.3,0.112,0.02463,8
2025-10-01,Mid,7,17443,29368,7.1,0.092,0.02299,3
2025-10-01,Mid,8,16499,31818,6.2,0.242,0.03723,5
2025-10-01,Large,1,54907,230236,2.9,0.262,0.04106,2
2025-10-01,Large,2,56648,173084,3.9,0.407,0.05036,0
2025-10-01,Large,3,49781,185646,3.2,0.367,0.04817,0
2025-10-01,Large,4,60737,225335,3.2,0.302,0.03832,0
2025-10-01,Large,5,60413,209834,3.5,0.272,0.03941,7
2025-10-01,Large,6,60980,184573,4.0,0.112,0.02463,6
2025-10-01,Large,7,62427,142750,5.2,0.092,0.02299,10
2025-10-01,Large,8,59040,182154,3.9,0.242,0.03723,2
2025-11-01,SMB,1,8485,6593,15.4,0.261,0.04003,20
2025-11-01,SMB,2,8425,5449,18.6,0.403,0.0491,31
2025-11-01,SMB,3,9188,5595,19.7,0.363,0.04697,8
2025-11-01,SMB,4,8054,5965,16.2,0.301,0.03736,28
2025-11-01,SMB,5,8250,5502,18.0,0.271,0.03843,14
2025-11-01,SMB,6,7373,4860,18.2,0.111,0.02402,40
2025-11-01,SMB,7,8361,4991,20.1,0.091,0.02242,26
2025-11-01,SMB,8,8335,5627,17.8,0.241,0.03629,31
2025-11-01,Mid,1,16982,38146,5.3,0.261,0.04003,0
2025-11-01,Mid,2,19103,24711,9.3,0.403,0.0491,6
2025-11-01,Mid,3,18143,28473,7.6,0.363,0.04697,0
2025-11-01,Mid,4,16432,38819,5.1,0.301,0.03736,9
2025-11-01,Mid,5,17522,33130,6.3,0.271,0.03843,5
2025-11-01,Mid,6,18678,24731,9.1,0.111,0.02402,12
2025-11-01,Mid,7,17184,27036,7.6,0.091,0.02242,4
2025-11-01,Mid,8,17448,31238,6.7,0.241,0.03629,16
2025-11-01,Large,1,58234,182477,3.8,0.261,0.04003,0
2025-11-01,Large,2,57523,185066,3.7,0.403,0.0491,0
2025-11-01,Large,3,59344,186393,3.8,0.363,0.04697,7
2025-11-01,Large,4,60986,223253,3.3,0.301,0.03736,5
2025-11-01,Large,5,62463,176643,4.2,0.271,0.03843,0
2025-11-01,Large,6,57813,184053,3.8,0.111,0.02402,11
2025-11-01,Large,7,61869,188690,3.9,0.091,0.02242,9
2025-11-01,Large,8,60770,218088,3.3,0.241,0.03629,8
2025-12-01,SMB,1,7888,5471,17.3,0.26,0.039,13
2025-12-01,SMB,2,8218,4312,22.9,0.4,0.04784,20
2025-12-01,SMB,3,8535,4798,21.3,0.36,0.04576,13
2025-12-01,SMB,4,8293,4839,20.6,0.3,0.0364,28
2025-12-01,SMB,5,8952,5944,18.1,0.27,0.03744,17
2025-12-01,SMB,6,8058,3930,24.6,0.11,0.0234,32
2025-12-01,SMB,7,8647,4272,24.3,0.09,0.02184,24
2025-12-01,SMB,8,8478,5748,17.7,0.24,0.03536,23
2025-12-01,Mid,1,18445,32679,6.8,0.26,0.039,9
2025-12-01,Mid,2,19420,26909,8.7,0.4,0.04784,8
2025-12-01,Mid,3,17244,30214,6.8,0.36,0.04576,2
2025-12-01,Mid,4,17661,34107,6.2,0.3,0.0364,4
2025-12-01,Mid,5,17124,37416,5.5,0.27,0.03744,7
2025-12-01,Mid,6,17564,26381,8.0,0.11,0.0234,12
2025-12-01,Mid,7,20106,25330,9.5,0.09,0.02184,5
2025-12-01,Mid,8,19336,33267,7.0,0.24,0.03536,0
2025-12-01,Large,1,58122,226085,3.1,0.26,0.039,0
2025-12-01,Large,2,54869,187168,3.5,0.4,0.04784,0
2025-12-01,Large,3,67220,148379,5.4,0.36,0.04576,5
2025-12-01,Large,4,54035,178152,3.6,0.3,0.0364,0
2025-12-01,Large,5,62169,203309,3.7,0.27,0.03744,6
2025-12-01,Large,6,59106,134340,5.3,0.11,0.0234,2
2025-12-01,Large,7,62258,162648,4.6,0.09,0.02184,0
2025-12-01,Large,8,59089,202731,3.5,0.24,0.03536,0
